,Image,Labels
0,train\Healthy\800edef467d27c15.jpg,Healthy
1,train\Healthy\801d6dcd96e48ebc.jpg,Healthy
2,train\Healthy\802b59956a7aa5e7.jpg,Healthy
3,train\Healthy\803bcb65f486e39a.jpg,Healthy
4,train\Healthy\803e60cf3c64e1fe.jpg,Healthy
5,train\Healthy\804e1eda54919fbb.jpg,Healthy
6,train\Healthy\804e673e9ec3d12b.jpg,Healthy
7,train\Healthy\809e3fc0cbac7c59.jpg,Healthy
8,train\Healthy\80a13fcd9a4fb14b.jpg,Healthy
9,train\Healthy\80a2c93fd2d9655d.jpg,Healthy
10,train\Healthy\80a4c7f6ad9a55d8.jpg,Healthy
11,train\Healthy\80a5a17f5e48697d.jpg,Healthy
12,train\Healthy\80a7cecb3616b633.jpg,Healthy
13,train\Healthy\80aa53172b9fc78d.jpg,Healthy
14,train\Healthy\80aaeaaa275d5e36.jpg,Healthy
15,train\Healthy\80abc9d697ec22b6.jpg,Healthy
16,train\Healthy\80acda383e3367cd.jpg,Healthy
17,train\Healthy\80af5fce149ca4f4.jpg,Healthy
18,train\Healthy\80af63966d9272e9.jpg,Healthy
19,train\Healthy\80b075dfc24bb725.jpg,Healthy
20,train\Healthy\80b0b0dacf697db4.jpg,Healthy
21,train\Healthy\80c190d95bf963f6.jpg,Healthy
22,train\Healthy\80c23fcf63786e70.jpg,Healthy
23,train\Healthy\80c61d6b492d76b7.jpg,Healthy
24,train\Healthy\80cac5abcfa9c9b4.jpg,Healthy
25,train\Healthy\80d72f999a956d86.jpg,Healthy
26,train\Healthy\80dcc12cc917ef5d.jpg,Healthy
27,train\Healthy\80decb70b3295bb2.jpg,Healthy
28,train\Healthy\80e2c3d2afc9782f.jpg,Healthy
29,train\Healthy\80eb96948bd68f9a.jpg,Healthy
30,train\Healthy\80f4549ce81eefe1.jpg,Healthy
31,train\Healthy\80f515f574cb609e.jpg,Healthy
32,train\Healthy\80f816d6cecb8b87.jpg,Healthy
33,train\Healthy\811b2bd335e9cb16.jpg,Healthy
34,train\Healthy\812a9ac1796bf5c3.jpg,Healthy
35,train\Healthy\812e5f86f61ec31c.jpg,Healthy
36,train\Healthy\813b28597df0abd2.jpg,Healthy
37,train\Healthy\813fe22dc37e4750.jpg,Healthy
38,train\Healthy\816b93c24a07f6de.jpg,Healthy
39,train\Healthy\816d69d2153fe84b.jpg,Healthy
40,train\Healthy\818a15d52bb75f0e.jpg,Healthy
41,train\Healthy\818ad34b7a6ab59c.jpg,Healthy
42,train\Healthy\818bba9d38f8bc54.jpg,Healthy
43,train\Healthy\819a123b5a157ff2.jpg,Healthy
44,train\Healthy\819c8fd2754f526c.jpg,Healthy
45,train\Healthy\819e38358d32cf2f.jpg,Healthy
46,train\Healthy\81a0bf90db97946e.jpg,Healthy
47,train\Healthy\81a569f5e71b3213.jpg,Healthy
48,train\Healthy\81ae4e721bc9277a.jpg,Healthy
49,train\Healthy\81b331e1c1720fdf.jpg,Healthy
50,train\Healthy\81b3f17d0c24ff03.jpg,Healthy
51,train\Healthy\81b61a9974673bcc.jpg,Healthy
52,train\Healthy\81b637c03de1f899.jpg,Healthy
53,train\Healthy\81b74b16fc89f80e.jpg,Healthy
54,train\Healthy\81c303afa7d2c3ea.jpg,Healthy
55,train\Healthy\81c6cacef9340f35.jpg,Healthy
56,train\Healthy\81c6cfc6c8dc9ad8.jpg,Healthy
57,train\Healthy\81cb3d2572b29b99.jpg,Healthy
58,train\Healthy\81cf7d7854071753.jpg,Healthy
59,train\Healthy\81d291cad9657d35.jpg,Healthy
60,train\Healthy\81db1b3332a11b9f.jpg,Healthy
61,train\Healthy\81ea6b2592e69697.jpg,Healthy
62,train\Healthy\81f93115d0deb6a3.jpg,Healthy
63,train\Healthy\81f98780ca8fcaed.jpg,Healthy
64,train\Healthy\826c96e83790799f.jpg,Healthy
65,train\Healthy\828fc0dc4fe230f7.jpg,Healthy
66,train\Healthy\82ac2520151ffb7f.jpg,Healthy
67,train\Healthy\82aeb5e4582fb2aa.jpg,Healthy
68,train\Healthy\82b077dae06cab17.jpg,Healthy
69,train\Healthy\82b632b2d96b496e.jpg,Healthy
70,train\Healthy\82c6a1c4de8f58bd.jpg,Healthy
71,train\Healthy\82c9939dd9c3e549.jpg,Healthy
72,train\Healthy\82db97c102e8cf9d.jpg,Healthy
73,train\Healthy\82dc2fe996bd420b.jpg,Healthy
74,train\Healthy\82ec9b372f852f18.jpg,Healthy
75,train\Healthy\82ee15ccbc7470cb.jpg,Healthy
76,train\Healthy\82fc37c398513727.jpg,Healthy
77,train\Healthy\833c97cd34eb4526.jpg,Healthy
78,train\Healthy\833cad8178db251f.jpg,Healthy
79,train\Healthy\835cc7a81f853c9d.jpg,Healthy
80,train\Healthy\836c9a5fe41de431.jpg,Healthy
81,train\Healthy\837bf495000ef75c.jpg,Healthy
82,train\Healthy\839b918b7ced00fc.jpg,Healthy
83,train\Healthy\839c2fcaf4c1668b.jpg,Healthy
84,train\Healthy\839f36383b70463e.jpg,Healthy
85,train\Healthy\83a65ed1d28e9d83.jpg,Healthy
86,train\Healthy\83b24a7e2acb938d.jpg,Healthy
87,train\Healthy\83ba98e3ad3c6872.jpg,Healthy
88,train\Healthy\83cbdf3a6cd03606.jpg,Healthy
89,train\Healthy\83cbdfdcc82c3c30.jpg,Healthy
90,train\Healthy\83e163c3c17a1f39.jpg,Healthy
91,train\Healthy\83e1bc9ee0f07865.jpg,Healthy
92,train\Healthy\83e534c523eebab0.jpg,Healthy
93,train\Healthy\83f6eb92b4a9a454.jpg,Healthy
94,train\Healthy\83f7381b7cace01c.jpg,Healthy
95,train\Healthy\83fc881f7353f026.jpg,Healthy
96,train\Healthy\845e6e3b919ed660.jpg,Healthy
97,train\Healthy\849da6a19e69ec55.jpg,Healthy
98,train\Healthy\84a15c97cc9cff48.jpg,Healthy
99,train\Healthy\84a39ee15eb5419e.jpg,Healthy
100,train\Healthy\84a507f705587f78.jpg,Healthy
101,train\Healthy\84b0d76a22257b6f.jpg,Healthy
102,train\Healthy\84bbf6dac5a0351a.jpg,Healthy
103,train\Healthy\84bd249a33788fa7.jpg,Healthy
104,train\Healthy\84c0cf8a79d77b84.jpg,Healthy
105,train\Healthy\84cb3a362cced993.jpg,Healthy
106,train\Healthy\84cd4a68b6b6ec8d.jpg,Healthy
107,train\Healthy\84cf8c8fd5978b81.jpg,Healthy
108,train\Healthy\84d0cf1338647bb7.jpg,Healthy
109,train\Healthy\84e8bcb5451d8f63.jpg,Healthy
110,train\Healthy\84efc0807fee703a.jpg,Healthy
111,train\Healthy\84f01d83f8ff321c.jpg,Healthy
112,train\Healthy\84f08e4320ecfbe7.jpg,Healthy
113,train\Healthy\84f0c8e17cb707dc.jpg,Healthy
114,train\Healthy\84f26d8b126fe3a8.jpg,Healthy
115,train\Healthy\84f2e6485b0f5b5a.jpg,Healthy
116,train\Healthy\84f3b7d6d304847c.jpg,Healthy
117,train\Healthy\84f56fda39453a24.jpg,Healthy
118,train\Healthy\84f60a857fb26bc1.jpg,Healthy
119,train\Healthy\84f81ac3c5ed6566.jpg,Healthy
120,train\Healthy\850f988179efaf03.jpg,Healthy
121,train\Healthy\851a8338f80fe6eb.jpg,Healthy
122,train\Healthy\851aa29da98f734b.jpg,Healthy
123,train\Healthy\852b3dcb856652d5.jpg,Healthy
124,train\Healthy\852b4e943d69cb55.jpg,Healthy
125,train\Healthy\852bc06b76d837f0.jpg,Healthy
126,train\Healthy\853fb699a1810dbb.jpg,Healthy
127,train\Healthy\854b9969503d1f1f.jpg,Healthy
128,train\Healthy\854d79c3a9a9c5ac.jpg,Healthy
129,train\Healthy\855d9ab1c98b6d0d.jpg,Healthy
130,train\Healthy\859d3ac6e0bc4fa1.jpg,Healthy
131,train\Healthy\85a335c53f94c6a3.jpg,Healthy
132,train\Healthy\85a5a0257f17fd12.jpg,Healthy
133,train\Healthy\85b8ce6594955ad9.jpg,Healthy
134,train\Healthy\85b90c94badad92d.jpg,Healthy
135,train\Healthy\85c06fa14595979f.jpg,Healthy
136,train\Healthy\85c1b6cba4385eb9.jpg,Healthy
137,train\Healthy\85c5705c1f5abab8.jpg,Healthy
138,train\Healthy\85c9485b3c97efc0.jpg,Healthy
139,train\Healthy\85ca3c8fa0b4dfd0.jpg,Healthy
140,train\Healthy\85ca96c786858dde.jpg,Healthy
141,train\Healthy\85cd583c276236b7.jpg,Healthy
142,train\Healthy\85cfcf2c583026e7.jpg,Healthy
143,train\Healthy\85dd857129e5c6a6.jpg,Healthy
144,train\Healthy\85e0c988c4e787fe.jpg,Healthy
145,train\Healthy\85e0cb69d2e6486f.jpg,Healthy
146,train\Healthy\85e36aee1a5c15b8.jpg,Healthy
147,train\Healthy\85e7c7ef8a0095b2.jpg,Healthy
148,train\Healthy\85edd994308a6f65.jpg,Healthy
149,train\Healthy\85ee63732c8cf3c0.jpg,Healthy
150,train\Healthy\85f03e6f8186ac9e.jpg,Healthy
151,train\Healthy\85f4ed2423692f95.jpg,Healthy
152,train\Healthy\85f59fcc60bcc701.jpg,Healthy
153,train\Healthy\864e65893673aba5.jpg,Healthy
154,train\Healthy\869c8acd737cc133.jpg,Healthy
155,train\Healthy\86a787878ebf6a04.jpg,Healthy
156,train\Healthy\86aa7d75862569b4.jpg,Healthy
157,train\Healthy\86b0cacde5c57332.jpg,Healthy
158,train\Healthy\86c23c9f9468cee3.jpg,Healthy
159,train\Healthy\86c8358db7d560ad.jpg,Healthy
160,train\Healthy\86d098abcfe36235.jpg,Healthy
161,train\Healthy\86ed9631b7698523.jpg,Healthy
162,train\Healthy\86eedf103f391a0a.jpg,Healthy
163,train\Healthy\871bbbd18a4560e7.jpg,Healthy
164,train\Healthy\87a787abf451224b.jpg,Healthy
165,train\Healthy\87a7d1d8e4d65254.jpg,Healthy
166,train\Healthy\87b7627ec0ccc3c2.jpg,Healthy
167,train\Healthy\87b7b7101ae8f2c8.jpg,Healthy
168,train\Healthy\87b7d0903bda648d.jpg,Healthy
169,train\Healthy\87c2350afc10cbf7.jpg,Healthy
170,train\Healthy\87c32387a2b4eaea.jpg,Healthy
171,train\Healthy\87c6b5aaf1a65286.jpg,Healthy
172,train\Healthy\87e5be5080617f6a.jpg,Healthy
173,train\Healthy\87eb994599da9047.jpg,Healthy
174,train\Healthy\87fa4e55a529a2e2.jpg,Healthy
175,train\Healthy\88a7c93f86cb445b.jpg,Healthy
176,train\Healthy\88a9b090d7dcdbd8.jpg,Healthy
177,train\Healthy\88b1b88f56aa565b.jpg,Healthy
178,train\Healthy\88b3109b5fe0feb0.jpg,Healthy
179,train\Healthy\88b65ca79970317b.jpg,Healthy
180,train\Healthy\88b98dc1339ad9dc.jpg,Healthy
181,train\Healthy\88bf907dc2e62ca6.jpg,Healthy
182,train\Healthy\88d8c872ceb7a2b6.jpg,Healthy
183,train\Healthy\88dc1ee9f4258fa2.jpg,Healthy
184,train\Healthy\88e02dc340bee2ff.jpg,Healthy
185,train\Healthy\88e0ab8b0e7d7f0c.jpg,Healthy
186,train\Healthy\88e178d578d931d5.jpg,Healthy
187,train\Healthy\88ea3ab4e8dc0f39.jpg,Healthy
188,train\Healthy\88ea5295af60d477.jpg,Healthy
189,train\Healthy\88f0d0d5de89b5c5.jpg,Healthy
190,train\Healthy\89aedec411a5763a.jpg,Healthy
191,train\Healthy\89afbce1e20f8296.jpg,Healthy
192,train\Healthy\89b24499628fb5ed.jpg,Healthy
193,train\Healthy\89b4249951e1c7ef.jpg,Healthy
194,train\Healthy\89b71da28857e672.jpg,Healthy
195,train\Healthy\89b949916b36cb9c.jpg,Healthy
196,train\Healthy\89bae2da75769860.jpg,Healthy
197,train\Healthy\89becd60a683a29f.jpg,Healthy
198,train\Healthy\89cfa93dcc0587a3.jpg,Healthy
199,train\Healthy\89d12bd9a3678da2.jpg,Healthy
200,train\Healthy\89dc9838cad84b6f.jpg,Healthy
201,train\Healthy\89df8738da38a196.jpg,Healthy
202,train\Healthy\89e8b534da36722d.jpg,Healthy
203,train\Healthy\89ea1631ecac73c9.jpg,Healthy
204,train\Healthy\89eb8c8d9ccd9499.jpg,Healthy
205,train\Healthy\89ee37336341ce4c.jpg,Healthy
206,train\Healthy\89f491c55b07ea78.jpg,Healthy
207,train\Healthy\89fd3f8768a01de0.jpg,Healthy
208,train\Healthy\8bc2979962db6549.jpg,Healthy
209,train\Healthy\8bd27e8d6124a5b3.jpg,Healthy
210,train\Healthy\8bd39bca890ced49.jpg,Healthy
211,train\Healthy\8bd96ae02c2b9cb6.jpg,Healthy
212,train\Healthy\8bda74e18b458f0d.jpg,Healthy
213,train\Healthy\8bde3f5d5cd08484.jpg,Healthy
214,train\Healthy\8bf87605d2b3a323.jpg,Healthy
215,train\Healthy\8bf8dc40ec70a4fa.jpg,Healthy
216,train\Healthy\8c2bb1e6bc87329c.jpg,Healthy
217,train\Healthy\8c87c6d58cb99c71.jpg,Healthy
218,train\Healthy\8c8c3cb823c657fc.jpg,Healthy
219,train\Healthy\8c98ec6fb596c2d0.jpg,Healthy
220,train\Healthy\8ca62f58f5868adc.jpg,Healthy
221,train\Healthy\8cabfc30e0a380ff.jpg,Healthy
222,train\Healthy\8cace85a5555acbc.jpg,Healthy
223,train\Healthy\8cc5870c7b3875ea.jpg,Healthy
224,train\Healthy\8ce4949ec3d22bb3.jpg,Healthy
225,train\Healthy\8ce77048e12f3dd4.jpg,Healthy
226,train\Healthy\8d1fca964b98453d.jpg,Healthy
227,train\Healthy\8d334c9373cd9853.jpg,Healthy
228,train\Healthy\8d37caa695c9329a.jpg,Healthy
229,train\Healthy\8d38cd18ce9d5dc4.jpg,Healthy
230,train\Healthy\8d3ce3d6918b6c15.jpg,Healthy
231,train\Healthy\8d3d8239cdcd08f5.jpg,Healthy
232,train\Healthy\8d5133fd9ca75428.jpg,Healthy
233,train\Healthy\8d5ecfd6c4acc281.jpg,Healthy
234,train\Healthy\8d629dc09d0f2be9.jpg,Healthy
235,train\Healthy\8d7e68ad52278762.jpg,Healthy
236,train\Healthy\8d8185d0d995bdb9.jpg,Healthy
237,train\Healthy\8d87c5f4c0de9899.jpg,Healthy
238,train\Healthy\8dad31a8e26bc56a.jpg,Healthy
239,train\Healthy\8dad7a6791407963.jpg,Healthy
240,train\Healthy\8db3c8abe2745554.jpg,Healthy
241,train\Healthy\8dbb1ad3b44b684a.jpg,Healthy
242,train\Healthy\8dc98fc12935372d.jpg,Healthy
243,train\Healthy\8dcad9e6c8b70a19.jpg,Healthy
244,train\Healthy\8dd6208b3ae54b4f.jpg,Healthy
245,train\Healthy\90a1b29e3556c9b7.jpg,Healthy
246,train\Healthy\90a62b2a75655ed5.jpg,Healthy
247,train\Healthy\90ab34aa79735473.jpg,Healthy
248,train\Healthy\90b29a6de5647627.jpg,Healthy
249,train\Healthy\90b42a547de9f469.jpg,Healthy
250,train\Healthy\90b72ad8b7c8b295.jpg,Healthy
251,train\Healthy\90c33a692df76827.jpg,Healthy
252,train\Healthy\90c790666f674f58.jpg,Healthy
253,train\Healthy\90ca1673f19c8f63.jpg,Healthy
254,train\Healthy\90d162cfad5c7853.jpg,Healthy
255,train\Healthy\90d349c987f42f1d.jpg,Healthy
256,train\Healthy\90da32919d3679f4.jpg,Healthy
257,train\Healthy\90e44ee17cf246ad.jpg,Healthy
258,train\Healthy\90e5d28ae58b8dc7.jpg,Healthy
259,train\Healthy\90e939d6567f0391.jpg,Healthy
260,train\Healthy\90ece9d647c23ca6.jpg,Healthy
261,train\Healthy\90ed9ba0a1376f16.jpg,Healthy
262,train\Healthy\90ee3bc4cc3d1b16.jpg,Healthy
263,train\Healthy\90ee3bc6896517b8.jpg,Healthy
264,train\Healthy\90f1f8aa55079735.jpg,Healthy
265,train\Healthy\90f28407fd9ebcd0.jpg,Healthy
266,train\Healthy\90f45f2e2d1e2789.jpg,Healthy
267,train\Healthy\90f66fcb38258bb0.jpg,Healthy
268,train\Healthy\90f7e0c35d5a1f14.jpg,Healthy
269,train\Healthy\91a71de9b0b8725a.jpg,Healthy
270,train\Healthy\91ab6ae12db59156.jpg,Healthy
271,train\Healthy\91af19dc085faab1.jpg,Healthy
272,train\Healthy\91c98dab997929d4.jpg,Healthy
273,train\Healthy\91e9417676109afd.jpg,Healthy
274,train\Healthy\91ec138593c7d1ba.jpg,Healthy
275,train\Healthy\91ece5c69907362b.jpg,Healthy
276,train\Healthy\92a409c0d6fe7a6d.jpg,Healthy
277,train\Healthy\92a5967197726a5a.jpg,Healthy
278,train\Healthy\92a925c0f3ebe9e0.jpg,Healthy
279,train\Healthy\92aa92758b9a71da.jpg,Healthy
280,train\Healthy\92aed55b4ad18cb1.jpg,Healthy
281,train\Healthy\92b17234da98d6f2.jpg,Healthy
282,train\Healthy\92b7678eb031b329.jpg,Healthy
283,train\Healthy\92baa7256482679f.jpg,Healthy
284,train\Healthy\92bc6dc6e6328369.jpg,Healthy
285,train\Healthy\92c5db4cbce6852a.jpg,Healthy
286,train\Healthy\92d85a6ba115dccd.jpg,Healthy
287,train\Healthy\92da59c624ad9f52.jpg,Healthy
288,train\Healthy\92e4c4964f8f370d.jpg,Healthy
289,train\Healthy\92e83ad88015df3f.jpg,Healthy
290,train\Healthy\92e8c955cc7d6c4c.jpg,Healthy
291,train\Healthy\92f03f9158ba3d13.jpg,Healthy
292,train\Healthy\92f9ca821c8779f2.jpg,Healthy
293,train\Healthy\92fe73ca991d1984.jpg,Healthy
294,train\Healthy\93a1d1d6e69a7451.jpg,Healthy
295,train\Healthy\93a7c1dd2fe04f20.jpg,Healthy
296,train\Healthy\93b38ee5a405357c.jpg,Healthy
297,train\Healthy\93baf11cc50daaaa.jpg,Healthy
298,train\Healthy\93bdcbc8c9ac01b3.jpg,Healthy
299,train\Healthy\93c23783c34bcb6a.jpg,Healthy
300,train\Healthy\93ca66845df1b623.jpg,Healthy
301,train\Healthy\93d90c204f3d9bf2.jpg,Healthy
302,train\Healthy\93eb385e2643eca4.jpg,Healthy
303,train\Healthy\93f476c7e42700bc.jpg,Healthy
304,train\Healthy\93fa2fc76498b111.jpg,Healthy
305,train\Healthy\94a0d880a99fb5fd.jpg,Healthy
306,train\Healthy\94a386b68ebfd0d0.jpg,Healthy
307,train\Healthy\94a39b9e318d62d5.jpg,Healthy
308,train\Healthy\94a63e567b4b4589.jpg,Healthy
309,train\Healthy\94a99387cd1a2dd3.jpg,Healthy
310,train\Healthy\94adc09d958de497.jpg,Healthy
311,train\Healthy\94b2129f1555755e.jpg,Healthy
312,train\Healthy\94b26d8dc50d69bc.jpg,Healthy
313,train\Healthy\94b393b3b1e8a4ac.jpg,Healthy
314,train\Healthy\94b46bc8663c25f9.jpg,Healthy
315,train\Healthy\94b531898979f38b.jpg,Healthy
316,train\Healthy\94b78d183adc3b43.jpg,Healthy
317,train\Healthy\94c16e393d27707c.jpg,Healthy
318,train\Healthy\94c350bfec80bf2c.jpg,Healthy
319,train\Healthy\94c526b29bb94aba.jpg,Healthy
320,train\Healthy\94ccbe902df63a26.jpg,Healthy
321,train\Healthy\94ccde9c16ba2723.jpg,Healthy
322,train\Healthy\94d2c39ae8f86b26.jpg,Healthy
323,train\Healthy\94d8babc5a2d4a27.jpg,Healthy
324,train\Healthy\94e1675b7b308e1c.jpg,Healthy
325,train\Healthy\94e24a4b96adadc5.jpg,Healthy
326,train\Healthy\94e4d8968d9bb499.jpg,Healthy
327,train\Healthy\94e7da9f283c45b0.jpg,Healthy
328,train\Healthy\94e947373a5423cb.jpg,Healthy
329,train\Healthy\94e9c93678307b27.jpg,Healthy
330,train\Healthy\94f285856b8c7b2b.jpg,Healthy
331,train\Healthy\94f297139780a5eb.jpg,Healthy
332,train\Healthy\94fa746da6a25a1c.jpg,Healthy
333,train\Healthy\95a15a575b4ba8a9.jpg,Healthy
334,train\Healthy\95a1679535d29f30.jpg,Healthy
335,train\Healthy\95a4c9cbdacb6a24.jpg,Healthy
336,train\Healthy\95aa53c32965a0ef.jpg,Healthy
337,train\Healthy\95bc9f8946d14cc6.jpg,Healthy
338,train\Healthy\95bdcf7ca7520310.jpg,Healthy
339,train\Healthy\95bf5adf35348420.jpg,Healthy
340,train\Healthy\95c25b7a7d1a0695.jpg,Healthy
341,train\Healthy\95c685566ab21f59.jpg,Healthy
342,train\Healthy\95c86878e7c2e764.jpg,Healthy
343,train\Healthy\95cd695ad68c78a4.jpg,Healthy
344,train\Healthy\95df116a2a61fc29.jpg,Healthy
345,train\Healthy\95e1ca93ea95256c.jpg,Healthy
346,train\Healthy\95e3c8ec6c0d927a.jpg,Healthy
347,train\Healthy\95e633360a0fe539.jpg,Healthy
348,train\Healthy\95ead0c1864ee796.jpg,Healthy
349,train\Healthy\95ec69d324a95aac.jpg,Healthy
350,train\Healthy\95f001e87e7562e3.jpg,Healthy
351,train\Healthy\95f1ea92663864b5.jpg,Healthy
352,train\Healthy\95f7ff5d0a1c0818.jpg,Healthy
353,train\Healthy\96a6d2e993318b47.jpg,Healthy
354,train\Healthy\96a738204ddf9cd1.jpg,Healthy
355,train\Healthy\96b14bd8d361694b.jpg,Healthy
356,train\Healthy\96b4b5b5615d4962.jpg,Healthy
357,train\Healthy\96b60cbdacd5948a.jpg,Healthy
358,train\Healthy\96b625968ba9bea0.jpg,Healthy
359,train\Healthy\96b9a211c73b606f.jpg,Healthy
360,train\Healthy\96ba4ad986a24c7d.jpg,Healthy
361,train\Healthy\96cf8012697f3c78.jpg,Healthy
362,train\Healthy\96d1a52dac752237.jpg,Healthy
363,train\Healthy\96d88e1f6a9e4986.jpg,Healthy
364,train\Healthy\96d969468ccd9565.jpg,Healthy
365,train\Healthy\96dbc812c2eab36c.jpg,Healthy
366,train\Healthy\97a58fc648ae9878.jpg,Healthy
367,train\Healthy\97a6fa75d1c009e2.jpg,Healthy
368,train\Healthy\97a83595219e3e53.jpg,Healthy
369,train\Healthy\97abdad2485a4b25.jpg,Healthy
370,train\Healthy\97b0c3906729d7a5.jpg,Healthy
371,train\Healthy\97b5e5ccc74c4544.jpg,Healthy
372,train\Healthy\97c0b0da91cbcb53.jpg,Healthy
373,train\Healthy\97c0d31d3c343b36.jpg,Healthy
374,train\Healthy\97c238b84983b5be.jpg,Healthy
375,train\Healthy\97cb55ea1a31acb0.jpg,Healthy
376,train\Healthy\97cca368aee1e710.jpg,Healthy
377,train\Healthy\97d96fd68296801e.jpg,Healthy
378,train\Healthy\97f3cad16524509b.jpg,Healthy
379,train\Healthy\98a3667e4a19b476.jpg,Healthy
380,train\Healthy\98a589c066c8dbfb.jpg,Healthy
381,train\Healthy\98b039a386bbde07.jpg,Healthy
382,train\Healthy\98ba1a557464cdb5.jpg,Healthy
383,train\Healthy\98bfd5f08d00e0de.jpg,Healthy
384,train\Healthy\98cd9966d30ec3e1.jpg,Healthy
385,train\Healthy\98d2ed0b33c866d9.jpg,Healthy
386,train\Healthy\98d8e3d2ce3074d9.jpg,Healthy
387,train\Healthy\98ddd09991a9370f.jpg,Healthy
388,train\Healthy\98e945d96424bb75.jpg,Healthy
389,train\Healthy\99a9ed6694933354.jpg,Healthy
390,train\Healthy\99cbf69166724332.jpg,Healthy
391,train\Healthy\9a0b2a6175d666ce.jpg,Healthy
392,train\Healthy\9a2f3cd04f7fa082.jpg,Healthy
393,train\Healthy\9a35774c2aa6207f.jpg,Healthy
394,train\Healthy\9a4b9bf1544567c4.jpg,Healthy
395,train\Healthy\9a6792be9da2b414.jpg,Healthy
396,train\Healthy\9a71889a93779996.jpg,Healthy
397,train\Healthy\9a9075e42e8f9ab1.jpg,Healthy
398,train\Healthy\9a9f9a25945661d5.jpg,Healthy
399,train\Healthy\9aa925f85a0d5ac7.jpg,Healthy
400,train\Healthy\9ac3c5851b3d75c2.jpg,Healthy
401,train\Healthy\9af6d185bdc8660c.jpg,Healthy
402,train\Healthy\9af86d9953645836.jpg,Healthy
403,train\Healthy\9b1667817e72266c.jpg,Healthy
404,train\Healthy\9b39c824c7e531cb.jpg,Healthy
405,train\Healthy\9b718db9041ce36e.jpg,Healthy
406,train\Healthy\9b76398661307c5b.jpg,Healthy
407,train\Healthy\9b850760797fb614.jpg,Healthy
408,train\Healthy\9b9079448919fa5f.jpg,Healthy
409,train\Healthy\9d3824db1a71c5ec.jpg,Healthy
410,train\Healthy\9d48d164ee86678b.jpg,Healthy
411,train\Healthy\9d788a91891b8f79.jpg,Healthy
412,train\Healthy\9d7ddcd23087a542.jpg,Healthy
413,train\Healthy\9d90616795187aed.jpg,Healthy
414,train\Healthy\9d929299e5c96cc5.jpg,Healthy
415,train\Healthy\9d9bb09c8b40db5a.jpg,Healthy
416,train\Healthy\9d9d4a4b97168e8a.jpg,Healthy
417,train\Healthy\9db192eba5fca420.jpg,Healthy
418,train\Healthy\9db34d659c134867.jpg,Healthy
419,train\Healthy\9db89d41603e0fb3.jpg,Healthy
420,train\Healthy\9dd6e871109407ef.jpg,Healthy
421,train\Healthy\9dd9370b620d0ee3.jpg,Healthy
422,train\Healthy\9dd96a6e60863497.jpg,Healthy
423,train\Healthy\9de438c9654b0af5.jpg,Healthy
424,train\Healthy\9de59a9c27c148d3.jpg,Healthy
425,train\Healthy\9dff08c36ca1037a.jpg,Healthy
426,train\Healthy\9e004fca3675d63c.jpg,Healthy
427,train\Healthy\9e176c685df204ba.jpg,Healthy
428,train\Healthy\9e20ef2a2179d89d.jpg,Healthy
429,train\Healthy\9e21c4da3336bd52.jpg,Healthy
430,train\Healthy\9e2494d70b6db5c8.jpg,Healthy
431,train\Healthy\9e4a89cf5a4945b3.jpg,Healthy
432,train\Healthy\9e65bc327c19d229.jpg,Healthy
433,train\Healthy\9e6b2a936acf8542.jpg,Healthy
434,train\Healthy\9e8288fe9a2d6d29.jpg,Healthy
435,train\Healthy\9e8fccf26a27a130.jpg,Healthy
436,train\Healthy\9e95d9290982fb6a.jpg,Healthy
437,train\Healthy\9e9782773b183790.jpg,Healthy
438,train\Healthy\9e99dd8a8dd46238.jpg,Healthy
439,train\Healthy\9edc590c03bd8b8b.jpg,Healthy
440,train\Healthy\9eea5a4f6d1c9098.jpg,Healthy
441,train\Healthy\9ef144c9da1a616d.jpg,Healthy
442,train\Healthy\9ef22a56e70c8ad2.jpg,Healthy
443,train\Healthy\9f047ac44a6a1f6d.jpg,Healthy
444,train\Healthy\9f2174f703ca3961.jpg,Healthy
445,train\Healthy\9f227a89b64a42f9.jpg,Healthy
446,train\Healthy\9f696aa90869fc23.jpg,Healthy
447,train\Healthy\9f81ea811f3d3278.jpg,Healthy
448,train\Healthy\9f9c55656a4592b2.jpg,Healthy
449,train\Healthy\9f9fc8097da181d2.jpg,Healthy
450,train\Healthy\9fa495beda4d0055.jpg,Healthy
451,train\Healthy\9fcb68a0fc2a60ae.jpg,Healthy
452,train\Healthy\9fcd0929d22d3353.jpg,Healthy
453,train\Healthy\9fd08acafc84e664.jpg,Healthy
454,train\Healthy\9fd400d5d66976a2.jpg,Healthy
455,train\Healthy\9fd72a18e1691527.jpg,Healthy
456,train\Healthy\9fd8a0ed6cc0b352.jpg,Healthy
457,train\Healthy\9fe174c9e157850a.jpg,Healthy
458,train\Rust\807947b90eb77856.jpg,Rust
459,train\Rust\80933fcc6a673636.jpg,Rust
460,train\Rust\80f09587dfc7988e.jpg,Rust
461,train\Rust\8161733dfc3c1c65.jpg,Rust
462,train\Rust\81a063b69c99ed9e.jpg,Rust
463,train\Rust\81b4639b9c72790f.jpg,Rust
464,train\Rust\81c97ef498cc87c3.jpg,Rust
465,train\Rust\81cd969c7d0944fb.jpg,Rust
466,train\Rust\81d0d0c77d4762cf.jpg,Rust
467,train\Rust\81d5c3709f4e314f.jpg,Rust
468,train\Rust\81dd8ff118a370c7.jpg,Rust
469,train\Rust\81f5730f2b1c3731.jpg,Rust
470,train\Rust\82798f32ab063ecd.jpg,Rust
471,train\Rust\82a51a4b035f35fe.jpg,Rust
472,train\Rust\82aa92f365da31f2.jpg,Rust
473,train\Rust\83705953c74517d7.jpg,Rust
474,train\Rust\837449e974cb39c5.jpg,Rust
475,train\Rust\850367cf187768d6.jpg,Rust
476,train\Rust\856339e4d939c6d8.jpg,Rust
477,train\Rust\8572eb8d1225c33f.jpg,Rust
478,train\Rust\85806940f76d779e.jpg,Rust
479,train\Rust\85922d3ebe65d8a1.jpg,Rust
480,train\Rust\85947d1e914af03f.jpg,Rust
481,train\Rust\873407b3fe462935.jpg,Rust
482,train\Rust\87831fd7b52e0274.jpg,Rust
483,train\Rust\888878ec8df5f0f4.jpg,Rust
484,train\Rust\8a9237d6a86ba167.jpg,Rust
485,train\Rust\8a954b82bf81f2bc.jpg,Rust
486,train\Rust\8aa78fd5c6c0cec2.jpg,Rust
487,train\Rust\8abc65c20f33e4da.jpg,Rust
488,train\Rust\8ae29f9e6c218739.jpg,Rust
489,train\Rust\8b2ca5b9639b5899.jpg,Rust
490,train\Rust\8b7ef0421e19ae5a.jpg,Rust
491,train\Rust\8bc27bdbdf8092a0.jpg,Rust
492,train\Rust\8be353aeae464893.jpg,Rust
493,train\Rust\8c539728dbb64bd0.jpg,Rust
494,train\Rust\8c6e3d86f81e111f.jpg,Rust
495,train\Rust\8c8f6df5b4e070c8.jpg,Rust
496,train\Rust\8cbbfc83d31ad890.jpg,Rust
497,train\Rust\8cbcb762ad3be880.jpg,Rust
498,train\Rust\8d0c3cc4636fc47d.jpg,Rust
499,train\Rust\8db43550701f63af.jpg,Rust
500,train\Rust\8e6eaa642b02b5fa.jpg,Rust
501,train\Rust\8ea7b9cc8bd2d809.jpg,Rust
502,train\Rust\8ee09cce60b2db1d.jpg,Rust
503,train\Rust\8f3d70819949faca.jpg,Rust
504,train\Rust\8f9b3a381388ad9d.jpg,Rust
505,train\Rust\8fc97529613d34b8.jpg,Rust
506,train\Rust\9005d36127b0f77b.jpg,Rust
507,train\Rust\9049decd9589af52.jpg,Rust
508,train\Rust\908749cd1f2be553.jpg,Rust
509,train\Rust\90988d2f3ef8f063.jpg,Rust
510,train\Rust\9304fc04e75c7ce9.jpg,Rust
511,train\Rust\9325f264bc255e3a.jpg,Rust
512,train\Rust\949437f0688be73a.jpg,Rust
513,train\Rust\9509cd594073b3f5.jpg,Rust
514,train\Rust\955268d26a7295e7.jpg,Rust
515,train\Rust\9583cadf870e7132.jpg,Rust
516,train\Rust\961668add989db16.jpg,Rust
517,train\Rust\97096a398d55d44f.jpg,Rust
518,train\Rust\9796ce55ec7608a2.jpg,Rust
519,train\Rust\98779993c891e48f.jpg,Rust
520,train\Rust\9894ad9bae345365.jpg,Rust
521,train\Rust\9896e006e936fe8b.jpg,Rust
522,train\Rust\99996f8d81594a3e.jpg,Rust
523,train\Rust\9bd2c4ec23071c9f.jpg,Rust
524,train\Rust\9bf4c55a704d7524.jpg,Rust
525,train\Rust\9c240ccd9afdd296.jpg,Rust
526,train\Rust\9c853768dada948e.jpg,Rust
527,train\Rust\9c8780f83917c7c7.jpg,Rust
528,train\Rust\9ca1158f3927c35e.jpg,Rust
529,train\Rust\9cc3797cdf3c0301.jpg,Rust
530,train\Rust\9cd8737391d5c960.jpg,Rust
531,train\Rust\9d07ea216161cf2f.jpg,Rust
532,train\Rust\9d88c8ef662d70aa.jpg,Rust
533,train\Rust\9dce6cac2bf08705.jpg,Rust
534,train\Rust\9ddd9a046f6c088f.jpg,Rust
535,train\Rust\9df89ac1e0ec46e1.jpg,Rust
536,train\Rust\9eb1e8c7899ec198.jpg,Rust
537,train\Rust\9eb78a04a15dda1b.jpg,Rust
538,train\Rust\9ee390fd18622795.jpg,Rust
539,train\Rust\9f1ab4caf5c3904c.jpg,Rust
540,train\Rust\9fad869f21b5b240.jpg,Rust
541,train\Rust\9fadf0268f052ab8.jpg,Rust
542,train\Rust\9fbb71e598132988.jpg,Rust
543,train\Rust\9fe9c28c28730e9e.jpg,Rust
544,train\Rust\a0105f6573dba19d.jpg,Rust
545,train\Rust\a01a8fe2f81f99f0.jpg,Rust
546,train\Rust\a03fcf005a91fab9.jpg,Rust
547,train\Rust\a09790cfda8dcdc8.jpg,Rust
548,train\Rust\a0ab4fa09d1f0bf1.jpg,Rust
549,train\Rust\a0b68cdb94dd8356.jpg,Rust
550,train\Rust\a0dadb96b1ab22e8.jpg,Rust
551,train\Rust\a0ded23d382532f3.jpg,Rust
552,train\Rust\a0e33c9d0c7792e9.jpg,Rust
553,train\Rust\a14ec61a136f3bd4.jpg,Rust
554,train\Rust\a1625a5964af66ad.jpg,Rust
555,train\Rust\a17acb4d4e962974.jpg,Rust
556,train\Rust\a17cd35c5abea882.jpg,Rust
557,train\Rust\a1833dfae6500eba.jpg,Rust
558,train\Rust\a187da51ddb82c3a.jpg,Rust
559,train\Rust\a1c2cbf94c4e0f0f.jpg,Rust
560,train\Rust\a1c9e1804fbc377c.jpg,Rust
561,train\Rust\a1f1d19a74983d33.jpg,Rust
562,train\Rust\a1fe53b22b05d607.jpg,Rust
563,train\Rust\a23b8f1e6ea19545.jpg,Rust
564,train\Rust\a26f1e955abe5228.jpg,Rust
565,train\Rust\a296b39333c1e175.jpg,Rust
566,train\Rust\a29bb2398fed840e.jpg,Rust
567,train\Rust\a2da383b31c99e65.jpg,Rust
568,train\Rust\a2eb3d1c6010df73.jpg,Rust
569,train\Rust\a37bd4a0d8d67648.jpg,Rust
570,train\Rust\a3bec1c8cdb01ed2.jpg,Rust
571,train\Rust\a3ebb2ab31622933.jpg,Rust
572,train\Rust\a49bb8b160eadba4.jpg,Rust
573,train\Rust\a4b48b5a5529776a.jpg,Rust
574,train\Rust\a4ba528c9d596f2c.jpg,Rust
575,train\Rust\a4e5d2c88f25d935.jpg,Rust
576,train\Rust\a4e689347133f98e.jpg,Rust
577,train\Rust\a50fc3ce67617a30.jpg,Rust
578,train\Rust\a50fd73100b37a7c.jpg,Rust
579,train\Rust\a512d469876ba6b5.jpg,Rust
580,train\Rust\a56d9ea69121d1d5.jpg,Rust
581,train\Rust\a571a73cd2b24a5a.jpg,Rust
582,train\Rust\a5a9791e87b46c54.jpg,Rust
583,train\Rust\a5b63641aa3a65cd.jpg,Rust
584,train\Rust\a5bdc9a0c1db328b.jpg,Rust
585,train\Rust\a5d042c32bc737ab.jpg,Rust
586,train\Rust\a5d82052b5abdf23.jpg,Rust
587,train\Rust\a5da9fba68c20e16.jpg,Rust
588,train\Rust\a6a49b73b3943465.jpg,Rust
589,train\Rust\a6f2d98bb4a42d25.jpg,Rust
590,train\Rust\a724e732969d4c35.jpg,Rust
591,train\Rust\a7a1929bae27c5b0.jpg,Rust
592,train\Rust\a7f3c2858ab5bd10.jpg,Rust
593,train\Rust\a815cbb7ab8baa28.jpg,Rust
594,train\Rust\a8496f3163636b59.jpg,Rust
595,train\Rust\a86b3a2ee587a50b.jpg,Rust
596,train\Rust\a887c015cdd79c97.jpg,Rust
597,train\Rust\a88d63c9b8555daa.jpg,Rust
598,train\Rust\a89fc0503e7c29bd.jpg,Rust
599,train\Rust\a8b11628f78a8adf.jpg,Rust
600,train\Rust\a8c47d7848ada91f.jpg,Rust
601,train\Rust\a8e895e5aad453a5.jpg,Rust
602,train\Rust\a91ef198512aad7a.jpg,Rust
603,train\Rust\a920cdb61f60e66b.jpg,Rust
604,train\Rust\a9498f9d9b24e2a5.jpg,Rust
605,train\Rust\a99f81cdcf64ae10.jpg,Rust
606,train\Rust\a9e9391e1b99e701.jpg,Rust
607,train\Rust\aa142048eff78bf4.jpg,Rust
608,train\Rust\aa19152955afc1ed.jpg,Rust
609,train\Rust\aa45956eda64dc64.jpg,Rust
610,train\Rust\aa542048ebf78bf4.jpg,Rust
611,train\Rust\aaaf47abd1c2a846.jpg,Rust
612,train\Rust\aab23789d34a413f.jpg,Rust
613,train\Rust\aab3d2b598d2e858.jpg,Rust
614,train\Rust\aab6cd72ac6a2938.jpg,Rust
615,train\Rust\aacedff0d881c189.jpg,Rust
616,train\Rust\aad5ea8d137069c3.jpg,Rust
617,train\Rust\ab83c0d147c3db66.jpg,Rust
618,train\Rust\ab9d63636cd39481.jpg,Rust
619,train\Rust\abb6922c108f978f.jpg,Rust
620,train\Rust\abc397970c5a3c68.jpg,Rust
621,train\Rust\abd0a11daddd072a.jpg,Rust
622,train\Rust\ac27cbc0cf0f612e.jpg,Rust
623,train\Rust\ac27d2d2cfda450c.jpg,Rust
624,train\Rust\ac548d6b9530b6ec.jpg,Rust
625,train\Rust\ac9b45cf3aa05b16.jpg,Rust
626,train\Rust\aca3265863af6e1c.jpg,Rust
627,train\Rust\acc99659863d9f0a.jpg,Rust
628,train\Rust\ace8591d545f5683.jpg,Rust
629,train\Rust\acf5c563301a4cf3.jpg,Rust
630,train\Rust\ad17c993cd30c61d.jpg,Rust
631,train\Rust\ad65b56714849da5.jpg,Rust
632,train\Rust\adb295d7ca4c282e.jpg,Rust
633,train\Rust\adecc8c68c55d855.jpg,Rust
634,train\Rust\ae00d5a2e1563efc.jpg,Rust
635,train\Rust\ae2c85c646161f7b.jpg,Rust
636,train\Rust\ae31f2b53692aaa4.jpg,Rust
637,train\Rust\ae4c5a950daf4b54.jpg,Rust
638,train\Rust\ae5e95b459830a6b.jpg,Rust
639,train\Rust\ae61967c97658835.jpg,Rust
640,train\Rust\ae75c4e9c3629625.jpg,Rust
641,train\Rust\ae92ccbfcc38c838.jpg,Rust
642,train\Rust\ae94dae8c448e64f.jpg,Rust
643,train\Rust\ae9ad06d6ba13227.jpg,Rust
644,train\Rust\aed725c6c42b0e35.jpg,Rust
645,train\Rust\af3ba5649680caad.jpg,Rust
646,train\Rust\af5e95807a7f2a80.jpg,Rust
647,train\Rust\af82d35831636d59.jpg,Rust
648,train\Rust\afa425346396a796.jpg,Rust
649,train\Rust\afbc97909cc3581c.jpg,Rust
650,train\Rust\afd5749a875298a4.jpg,Rust
651,train\Rust\afe9c29a34a868c7.jpg,Rust
652,train\Rust\aff094e272313ab1.jpg,Rust
653,train\Rust\b00ff8c27b6c239a.jpg,Rust
654,train\Rust\b0a183de19bb96c3.jpg,Rust
655,train\Rust\b0a3901b244fe3ef.jpg,Rust
656,train\Rust\b0e1870fbe96668a.jpg,Rust
657,train\Rust\b0fddb8b988c3d80.jpg,Rust
658,train\Rust\b0ffe73c0047c70c.jpg,Rust
659,train\Rust\b188c20f776d9276.jpg,Rust
660,train\Rust\b18c4789c6e71b55.jpg,Rust
661,train\Rust\b1b1919c490fcf9a.jpg,Rust
662,train\Rust\b1b5ba2b48afe1c0.jpg,Rust
663,train\Rust\b1c797ef10acd190.jpg,Rust
664,train\Rust\b1cfcc3116f6c0e4.jpg,Rust
665,train\Rust\b281d20a4f376fd2.jpg,Rust
666,train\Rust\b2ccd8876c177661.jpg,Rust
667,train\Rust\b2e4f22dc14ebc1c.jpg,Rust
668,train\Rust\b2ec0cf59931f033.jpg,Rust
669,train\Rust\b3b131c9e0279cd6.jpg,Rust
670,train\Rust\b3d14b94a8583d5d.jpg,Rust
671,train\Rust\b3eb96cbb40254b2.jpg,Rust
672,train\Rust\b3eed0f84cd2c612.jpg,Rust
673,train\Rust\b3f3ed460303387c.jpg,Rust
674,train\Rust\b486cd89071fe25b.jpg,Rust
675,train\Rust\b49f538f08a6c87c.jpg,Rust
676,train\Rust\b4a96bcad2b4078d.jpg,Rust
677,train\Rust\b4cf174048e61de7.jpg,Rust
678,train\Rust\b4e9c485361b59b5.jpg,Rust
679,train\Rust\b52d65c1ee320337.jpg,Rust
680,train\Rust\b562d66dca36c912.jpg,Rust
681,train\Rust\b573c1c0c3839e8f.jpg,Rust
682,train\Rust\b5865e13f9a0bc07.jpg,Rust
683,train\Rust\b5ba9a6d78446784.jpg,Rust
684,train\Rust\b5c0a39c3939d2ba.jpg,Rust
685,train\Rust\b5e8da8c231a1bc7.jpg,Rust
686,train\Rust\b5f14a88f02d4f96.jpg,Rust
687,train\Rust\b64a9e69e9744d90.jpg,Rust
688,train\Rust\b67f48c0de99682c.jpg,Rust
689,train\Rust\b6a596167d1a545a.jpg,Rust
690,train\Rust\b6ba9ab11bd29581.jpg,Rust
691,train\Rust\b6c1cf3c70726a4a.jpg,Rust
692,train\Rust\b6d4b6b48cd13658.jpg,Rust
693,train\Rust\b735a3084cbdfe04.jpg,Rust
694,train\Rust\b76dd74acc1084ce.jpg,Rust
695,train\Rust\b788c7f41a1d2572.jpg,Rust
696,train\Rust\b78dc1d9dda30350.jpg,Rust
697,train\Rust\b80898e11f81ff1f.jpg,Rust
698,train\Rust\b80898e11fa17f1f.jpg,Rust
699,train\Rust\b82dd8a68596dc4b.jpg,Rust
700,train\Rust\b889d5b403de8fb0.jpg,Rust
701,train\Rust\b897c367857a9330.jpg,Rust
702,train\Rust\b966d08f6e385724.jpg,Rust
703,train\Rust\ba177089fe11872e.jpg,Rust
704,train\Rust\ba5c278629b5ccb1.jpg,Rust
705,train\Rust\baa48e75eaa38352.jpg,Rust
706,train\Rust\baa4cf3860e25e9a.jpg,Rust
707,train\Rust\baf3938b42f8c08d.jpg,Rust
708,train\Rust\bb848ba16e8d338b.jpg,Rust
709,train\Rust\bb878a621c11d2df.jpg,Rust
710,train\Rust\bc33d0c1d38d3b86.jpg,Rust
711,train\Rust\bc3a8b9b9c0f90cc.jpg,Rust
712,train\Rust\bc62cd122f6dd2b0.jpg,Rust
713,train\Rust\bca0e0359f715953.jpg,Rust
714,train\Rust\bcbdca83444f309e.jpg,Rust
715,train\Rust\bcc6f8d2e44a9929.jpg,Rust
716,train\Rust\bd0002ae9bef6eb0.jpg,Rust
717,train\Rust\bd1108df9c9bd80d.jpg,Rust
718,train\Rust\bd154f595a1be0c2.jpg,Rust
719,train\Rust\bd218c94c9879f3a.jpg,Rust
720,train\Rust\bd3cc0885dd1e1e5.jpg,Rust
721,train\Rust\bd6c8778528a13d6.jpg,Rust
722,train\Rust\bd7295320036eafc.jpg,Rust
723,train\Rust\bd96b091cdcc7c48.jpg,Rust
724,train\Rust\bd9873e3c9c69490.jpg,Rust
725,train\Rust\bd98c090ecf87c66.jpg,Rust
726,train\Rust\bda896530a3d7855.jpg,Rust
727,train\Rust\bdbfc0631ec77100.jpg,Rust
728,train\Rust\bdd3f444190944bf.jpg,Rust
729,train\Rust\bdf6c0c0d827e61a.jpg,Rust
730,train\Rust\be106d64f99e9c03.jpg,Rust
731,train\Rust\be82831fe8c471c7.jpg,Rust
732,train\Rust\be8495536175517c.jpg,Rust
733,train\Rust\bea1821cd85fb13a.jpg,Rust
734,train\Rust\bef892789cf11e01.jpg,Rust
735,train\Rust\bf36c6426a8e1359.jpg,Rust
736,train\Rust\bf3d819ac0c3dd0c.jpg,Rust
737,train\Rust\bf3e81021c99e2f3.jpg,Rust
738,train\Rust\bfa4908495c69b97.jpg,Rust
739,train\Rust\bfbc22e13421fc0e.jpg,Rust
740,train\Rust\bfbd3ed18009c09b.jpg,Rust
741,train\Rust\bfe29090cb0b6f38.jpg,Rust
742,train\Rust\bfeab92cc034c925.jpg,Rust
743,train\Rust\c03ad89827dea96e.jpg,Rust
744,train\Rust\c08e6ba535b436e6.jpg,Rust
745,train\Rust\c09e35c7d027fa16.jpg,Rust
746,train\Rust\c0b175c783bb6f08.jpg,Rust
747,train\Rust\c0bec6c0d6c2d8cf.jpg,Rust
748,train\Rust\c0d2c496bb3c732d.jpg,Rust
749,train\Rust\c0e6e21b32cde8f4.jpg,Rust
750,train\Rust\c0ff18bfb811e503.jpg,Rust
751,train\Rust\c1b49f124f3b9e41.jpg,Rust
752,train\Rust\c1cc8f836c9239eb.jpg,Rust
753,train\Rust\c1d52d7afaea1a04.jpg,Rust
754,train\Rust\c230109be4dd9f3b.jpg,Rust
755,train\Rust\c2656b8b398a3727.jpg,Rust
756,train\Rust\c2906eb694eb39cc.jpg,Rust
757,train\Rust\c29422fa94e4d5f6.jpg,Rust
758,train\Rust\c2c519d2a99ad4eb.jpg,Rust
759,train\Rust\c326e748de83971a.jpg,Rust
760,train\Rust\c3542f42de8f1693.jpg,Rust
761,train\Rust\c3746b963742c387.jpg,Rust
762,train\Rust\c395a195e171b369.jpg,Rust
763,train\Rust\c3a3bcc20364e6cf.jpg,Rust
764,train\Rust\c3a8ce9bb12d2785.jpg,Rust
765,train\Rust\c3b5e1921d133c3b.jpg,Rust
766,train\Rust\c3e995b03b526a87.jpg,Rust
767,train\Rust\c444fec780ef181f.jpg,Rust
768,train\Rust\c46a85b46b643acf.jpg,Rust
769,train\Rust\c4e1376523b66971.jpg,Rust
770,train\Rust\c4e8374fe19989a9.jpg,Rust
771,train\Rust\c4f8dc6ad40fca07.jpg,Rust
772,train\Rust\c51b70f7a3c00e3d.jpg,Rust
773,train\Rust\c5283b96c01b7ae7.jpg,Rust
774,train\Rust\c52d4456a52a7b73.jpg,Rust
775,train\Rust\c53532c8cc5ed0ee.jpg,Rust
776,train\Rust\c58717e8256d2a76.jpg,Rust
777,train\Rust\c595cf8172676562.jpg,Rust
778,train\Rust\c5a588f9a7b4e50a.jpg,Rust
779,train\Rust\c5d73e82da2e2750.jpg,Rust
780,train\Rust\c5e1af4bc07439d4.jpg,Rust
781,train\Rust\c5e4c69d861d2733.jpg,Rust
782,train\Rust\c5fd266a99322563.jpg,Rust
783,train\Rust\c64c69f0bb8b146b.jpg,Rust
784,train\Rust\c6a498373f96368a.jpg,Rust
785,train\Rust\c707995e62ccce70.jpg,Rust
786,train\Rust\c7bf8058ce81e995.jpg,Rust
787,train\Rust\c83d0eb3629d3965.jpg,Rust
788,train\Rust\c8c265728b956f95.jpg,Rust
789,train\Rust\c8d316dca6252d6b.jpg,Rust
790,train\Rust\c977343db4b8b089.jpg,Rust
791,train\Rust\c9b6374b07e6c780.jpg,Rust
792,train\Rust\c9fabc81831ea770.jpg,Rust
793,train\Rust\ca00eb62b81fd8af.jpg,Rust
794,train\Rust\ca303681f18ff8ae.jpg,Rust
795,train\Rust\ca825e57242a7abd.jpg,Rust
796,train\Rust\ca87815b2f3190df.jpg,Rust
797,train\Rust\cad115983a3a7567.jpg,Rust
798,train\Rust\cb388b3a62c7dd88.jpg,Rust
799,train\Rust\cba2dfb2a8259c34.jpg,Rust
800,train\Rust\cba838c9c96db331.jpg,Rust
801,train\Rust\cc94223ba6cd59f8.jpg,Rust
802,train\Rust\cca9b187e1db5898.jpg,Rust
803,train\Rust\ccb8ddd19023f706.jpg,Rust
804,train\Rust\cccb3b4c88b5b272.jpg,Rust
805,train\Rust\cd9eb2a68e14662d.jpg,Rust
806,train\Rust\cda9324eda18ad96.jpg,Rust
807,train\Rust\cdc4460f1cfcc0f9.jpg,Rust
808,train\Rust\cdf1098ab2db09da.jpg,Rust
809,train\Rust\cf497003f625df90.jpg,Rust
810,train\Rust\cf4ebb99510b0aa9.jpg,Rust
811,train\Rust\cf61b53c018e70db.jpg,Rust
812,train\Rust\cf83b242682eae3d.jpg,Rust
813,train\Rust\cf853579724b4a4c.jpg,Rust
814,train\Rust\cfac66c5346638d1.jpg,Rust
815,train\Rust\cff8c191854b3a9c.jpg,Rust
816,train\Rust\cfff3fc16004c11c.jpg,Rust
817,train\Rust\d01ec7c269c723f1.jpg,Rust
818,train\Rust\d0a953c03d96e98f.jpg,Rust
819,train\Rust\d0b02a1ad0dd7b9e.jpg,Rust
820,train\Rust\d0c800df85297f7d.jpg,Rust
821,train\Rust\d0dd3c34c2954d7a.jpg,Rust
822,train\Rust\d0e5c19a6969656d.jpg,Rust
823,train\Rust\d13ab809b35b227b.jpg,Rust
824,train\Rust\d1b99c346134bccd.jpg,Rust
825,train\Rust\d1f01e8d8a73274d.jpg,Rust
826,train\Rust\d3c66ac935d183a6.jpg,Rust
827,train\Rust\d3ed4bac0c211bd3.jpg,Rust
828,train\Rust\d4a437e742ba8d58.jpg,Rust
829,train\Rust\d4e5b2e814857f86.jpg,Rust
830,train\Rust\d58dd660231f545b.jpg,Rust
831,train\Rust\d59f72426e2613c3.jpg,Rust
832,train\Rust\d5f356c26b0c31cc.jpg,Rust
833,train\Rust\d6d3f6833fa410a4.jpg,Rust
834,train\Rust\d89062fbf4452a9e.jpg,Rust
835,train\Rust\d94e3ad8ae3ac870.jpg,Rust
836,train\Rust\d99898db266ba865.jpg,Rust
837,train\Rust\d999856c6d2ce94c.jpg,Rust
838,train\Rust\d9bf40d48372b6a1.jpg,Rust
839,train\Rust\daaecb825076671a.jpg,Rust
840,train\Rust\db308de738148677.jpg,Rust
841,train\Rust\dc32d69aba2b812b.jpg,Rust
842,train\Rust\dcf88a9264b663a5.jpg,Rust
843,train\Rust\df0f2ac26509656d.jpg,Rust
844,train\Rust\df282dfbd3112944.jpg,Rust
845,train\Rust\dfcc6b28063a88fc.jpg,Rust
846,train\Rust\e0c88ede1579a03f.jpg,Rust
847,train\Rust\e0db6703687fc928.jpg,Rust
848,train\Rust\e1b1f1f2de1c022e.jpg,Rust
849,train\Rust\e1b9c199938dd1c6.jpg,Rust
850,train\Rust\e1c13e72a41e6d8e.jpg,Rust
851,train\Rust\e1ce3f611e5ec430.jpg,Rust
852,train\Rust\e1e39f8809c7349d.jpg,Rust
853,train\Rust\e1e795b53861c9c8.jpg,Rust
854,train\Rust\e2ad1c3cbc375a90.jpg,Rust
855,train\Rust\e2ce934fa3a65443.jpg,Rust
856,train\Rust\e3789a85710b3976.jpg,Rust
857,train\Rust\e37e1e02c1d0cc5f.jpg,Rust
858,train\Rust\e38b8323da1e8fc2.jpg,Rust
859,train\Rust\e3921d58a3a5acad.jpg,Rust
860,train\Rust\e490d1cc1adff8c8.jpg,Rust
861,train\Rust\e4fec7a81e51030f.jpg,Rust
862,train\Rust\e50d1e683aab90dd.jpg,Rust
863,train\Rust\e52aca58c89f35c5.jpg,Rust
864,train\Rust\e5bcdfc19483c825.jpg,Rust
865,train\Rust\e7cc1e70c3ae816a.jpg,Rust
866,train\Rust\e8a6c086dfed2d09.jpg,Rust
867,train\Rust\ebb09e03786d7512.jpg,Rust
868,train\Rust\ebb1e40cf28c09ee.jpg,Rust
869,train\Rust\ec5e86e2ee84283d.jpg,Rust
870,train\Rust\ecb986c159db8352.jpg,Rust
871,train\Rust\eec2edcc5094d68a.jpg,Rust
872,train\Rust\f05a9a745b4d4875.jpg,Rust
873,train\Rust\f303a1f09d5fc5a0.jpg,Rust
874,train\Rust\f3b19b71a064687c.jpg,Rust
875,train\Rust\f3f6071c28614d6d.jpg,Rust
876,train\Rust\f432afbd96b013c0.jpg,Rust
877,train\Rust\f49694c18f49c9ab.jpg,Rust
878,train\Rust\f4c00e3edcca3a39.jpg,Rust
879,train\Rust\f4f96b1ed8a80385.jpg,Rust
880,train\Rust\f50a6d96487aeb81.jpg,Rust
881,train\Rust\f5f4c32c4d2e20a7.jpg,Rust
882,train\Rust\f6e501f5b0975423.jpg,Rust
883,train\Rust\f7e88294feb460c1.jpg,Rust
884,train\Rust\f7fac28d94b14164.jpg,Rust
885,train\Rust\f844039df3cc6794.jpg,Rust
886,train\Rust\f8723f62139ac730.jpg,Rust
887,train\Rust\fae0951a49a587d6.jpg,Rust
888,train\Rust\fbe5c19185a5d115.jpg,Rust
889,train\Rust\fc3c93c923967303.jpg,Rust
890,train\Rust\ffb7de908858884a.jpg,Rust
891,train\Rust\ffcbc7d2e030e050.jpg,Rust
